<?xml version="1.0" encoding="utf-8"?><feed xmlns="http://www.w3.org/2005/Atom" ><generator uri="https://jekyllrb.com/" version="3.5.2">Jekyll</generator><link href="https://www.studio-seventeen.co/feed.xml" rel="self" type="application/atom+xml" /><link href="https://www.studio-seventeen.co/" rel="alternate" type="text/html" /><updated>2017-12-06T14:50:39+00:00</updated><id>https://www.studio-seventeen.co/</id><title type="html">Studio 17</title><subtitle>Studio 17, 92-96 De Beauvoir Road, London N1 4EN</subtitle></feed>